precision,recall,f1,auroc,accuracy,auroc_inverse,precision_at_recall_0_80,threshold_at_recall_0_80,time_to_alert_min
0.020957038071952497,1.0,0.041053711939787886,0.5434720240218813,0.020957038071952497,0.5434720240218813,0.023317651871548373,0.9999995827674866,0.0
